unique.ID,block,water,microbe,rep,bkgrd,focal,ACAM,BRHO,BRHO.flowering,date,BRHO.flowering.followup,date.followup,BRHO.flowering.4.22.24,BRHO.seeds.setting.4.22,num.focal.indiv,date,sample.collected,num.bg.indiv,num.dead.bg.indiv,num.resprouted.BRHO.focals,notes,partial.collection.date2,partial.completed,focal.DC,bkgrd.DC,issues
1,28,0.6,0,1,ACAM,BRHO,0,focal,no,4/10/24,no,4/15/24,yes,,2,5/23/2024,X,0,,,,,,X,,
2,22,0.6,0,1,ACAM,BRHO,3,focal,yes,4/10/24,,,,,1,5/16/2024,X,2,,1,1 focal veg & not collected,5/31/2024,X,X,X,
3,21,0.6,0,1,ACAM,BRHO,6,focal,yes,4/10/24,,,,,2,5/16/2024,2 OF 2 X,5,,,PARTIAL COLLECTION,5/31/2024,X,X,X,
4,27,0.6,0,1,ACAM,BRHO,12,focal,yes,4/10/24,,,,,2,5/13/2024,X,14,,,,,,X,X,
5,22,0.6,0,1,ACAM,BRHO,18,focal,yes,4/10/24,,,,,2,5/12/2024,2 of 2 X,13,,1,PARTIAL COLLECTION,5/30/2024,X,X,X,
6,4,0.6,0,1,ACAM,BRHO,24,focal,yes,4/10/24,,,,,2,5/11/2024,X,18,0,,,,,X,X,
7,9,0.6,0,1,ACAM,BRHO,36,focal,yes,4/10/24,,,,,2,5/6/2024,X,21,0,,,,,X,X,
8,3,0.6,0,1,ACAM,BRHO,48,focal,yes,4/10/24,,,,,2,05/10/24,X,38,0,,,,,X,X,
9,11,0.6,0,1,ACAM,BRHO,60,focal,yes,4/10/24,,,,,2,5/9/2024,X,39,0,,,,,X,X,
10,3,0.6,0,1,ACAM,BRHO,84,focal,buds,4/10/24,yes,4/15/24,,,2,5/12/24,X,33,0,,,,,X,X,
11,42,0.75,0,1,ACAM,BRHO,0,focal,yes,4/10/24,,,,,2,5/9/2024,X,NA,NA,,,,,X,NA,
12,12,0.75,0,1,ACAM,BRHO,3,focal,yes,4/10/24,,,,,2,05/06/24,x,3,0,,,,,X,X,
13,3,0.75,0,1,ACAM,BRHO,6,focal,yes,4/10/24,,,,,2,5/12/2024,X,6,0,,ALLO,,,X,X,
14,42,0.75,0,1,ACAM,BRHO,12,focal,yes,4/10/24,,,,,2,5/3/2024,X,8,0,,,,,X,X,
15,29,0.75,0,1,ACAM,BRHO,18,focal,no,4/10/24,no,4/15/24,no,,2,5/31/2024,X,11,,,,,,X,X,
16,11,0.75,0,1,ACAM,BRHO,24,focal,yes,4/10/24,,,,,2,5/11/2024,X,20,0,,,,,X,X,
17,19,0.75,0,1,ACAM,BRHO,36,focal,yes,4/10/24,,,,,3,5/11/2024,X,24,0,,,,,X,X,
18,1,0.75,0,1,ACAM,BRHO,48,focal,yes,4/10/24,,,,yes - yellowing,2,05/03/24,x,40,,,,,,X,X,
19,9,0.75,0,1,ACAM,BRHO,60,focal,yes,4/10/24,,,,,2,5/10/24,X,44,0,,,,,X,X,
20,30,0.75,0,1,ACAM,BRHO,84,focal,yes,4/10/24,,,,,3,5/12/2024,X,60,0,,,,,X,X,
21,29,1,0,1,ACAM,BRHO,0,focal,no,4/10/24,no,4/15/24,buds,,2,5/30/2024,X,NA,,,,,,X,,
22,3,1,0,1,ACAM,BRHO,3,focal,yes,4/10/24,,,,,2,5/12/2024,X,5,0,,ALLO,,,X,X,
23,3,1,0,1,ACAM,BRHO,6,focal,yes,4/10/24,,,,,2,5/9/2024,X,2,0,,,,,X,X,
24,1,1,0,1,ACAM,BRHO,12,focal,no,4/10/24,buds,4/15/24,yes,,2,5/20/2024,2 OF 2 X,10,,,PARTIAL COLLECTION,5/30/2024,X,X,X,
25,10,1,0,1,ACAM,BRHO,18,focal,yes,4/10/24,,,,,2,5/3/2024,2 of 2 X,14,0,,PARTIAL COLLECTION,5/23/24,X,X,X,
26,19,1,0,1,ACAM,BRHO,24,focal,no,4/10/24,yes,4/15/24,,,2,5/17/2024,2 OF 2 X,17,,,PARTIAL COLLECTION,5/23/24,X,X,X,
27,21,1,0,1,ACAM,BRHO,36,focal,buds,4/10/24,yes,4/15/24,,,2,5/16/2024,X,29,,,,,,X,X,
28,1,1,0,1,ACAM,BRHO,48,focal,yes,4/10/24,,,,,2,5/12/2024,2 of 2 X,35,,,"PARTIAL COLLECTION; 1 bg indiv accidentally collected, add this to bg count when collecting the rest",5/30/24,X,X,X,
29,19,1,0,1,ACAM,BRHO,60,focal,no,4/10/24,yes,4/15/24,,,2,5/16/2024,X,47,,,,,,X,X,
30,21,1,0,1,ACAM,BRHO,84,focal,buds,4/10/24,buds,4/15/24,yes,,2,5/20/2024,X,53,,,,,,X,X,
31,30,0.6,0,2,ACAM,BRHO,0,focal,no,4/10/24,buds,4/15/24,yes,,2,5/20/2024,X,NA,,1,,,,X,,
32,19,0.6,0,2,ACAM,BRHO,3,focal,buds,4/10/24,yes,4/15/24,,,2,5/15/2024,X,3,,,,,,X,X,
33,29,0.6,0,2,ACAM,BRHO,6,focal,no,4/10/24,no,4/15/24,buds,,2,5/29/2024,X,3,,,,,,X,X,THIS ROW IS UPDATED WITH CORRECT POT 33 INFO. OLD INFO LIKELY BELONGS TO 38 AND HAS BEEN MOVED TO THAT ROW. This row looks like it is filled out incorrectly because we found pot 33 on 5/27 and it hasn't been sampled. the labels for 33 are also missing. Counted density doesn't make sense based on the planted density
34,4,0.6,0,2,ACAM,BRHO,12,focal,yes,4/10/24,,,,,2,5/13/2024,X,11,0,,,,,X,X,
35,2,0.6,0,2,ACAM,BRHO,18,focal,yes,4/10/24,,,,,2,5/12/2024,X,17,0,,,,,X,X,
36,22,0.6,0,2,ACAM,BRHO,24,focal,no,4/10/24,no,4/15/24,buds,,2,5/29/2024,2 OF 2 X,18,,,PARTIAL COLLECTION,5/30/2024,X,,X,
37,10,0.6,0,2,ACAM,BRHO,36,focal,yes,4/10/24,,,,yes - yellowing,2,05/03/24,x,40,0,,,,,X,X,
38,29,0.6,0,2,ACAM,BRHO,48,focal,yes,4/10/24,,,,,2,05/17/24,x,37,,1,SUSPECT THIS WAS ALREADY SAMPLED AND LABELED AS 33,,,,,
39,3,0.6,0,2,ACAM,BRHO,60,focal,yes,4/10/24,,,,,3,5/12/2024,X,42,0,,,,,X,X,
40,4,0.6,0,2,ACAM,BRHO,84,focal,yes,4/10/24,,,,,2,5/9/2024,2 of 2 X,60,,1,PARTIAL COLLECTION,5/30/2024,X,X,X,
41,10,0.75,0,2,ACAM,BRHO,0,focal,yes,4/10/24,,,,,2,5/10/2024,x,NA,NA,,ALLO,,,X,,
42,28,0.75,0,2,ACAM,BRHO,3,focal,buds,4/10/24,yes,4/15/24,,,2,5/17/2024,X,3,,,,,,X,X,
43,4,0.75,0,2,ACAM,BRHO,6,focal,yes,4/10/24,,,,,2,05/10/24,x,4,0,,,,,X,X,
44,20,0.75,0,2,ACAM,BRHO,12,focal,yes,4/10/24,,,,,2,5/13/2024,X,8,,,PARTIAL COLLECTION,5/31/2024,separate bags cuz green,X,X,
45,42,0.75,0,2,ACAM,BRHO,18,focal,yes,4/10/24,,,,,2,05/10/24,x,12,0,,,,,X,X,
46,28,0.75,0,2,ACAM,BRHO,24,focal,buds,4/10/24,yes,4/15/24,,,2,05/13/24,x,19,0,,,,,X,X,
47,19,0.75,0,2,ACAM,BRHO,36,focal,yes,4/10/24,,,,,2,5/12/2024,X,23,0,,,,,X,X,
48,19,0.75,0,2,ACAM,BRHO,48,focal,yes,4/10/24,,,,,3,5/12/2024,X,32,0,,,,,X,X,
49,27,0.75,0,2,ACAM,BRHO,60,focal,yes,4/10/24,,,,,2,5/27/2024,X,45,,,"PARTIAL COLLECTION; collected 1 seedhead 5/11/24, left rest to continue growing as some seedheads haven't flowered yet",5/27/2024,X,X,X,
50,20,0.75,0,2,ACAM,BRHO,84,focal,yes,4/10/24,,,,,4,5/15/2024,X,63,,,,,,X,X,
51,27,1,0,2,ACAM,BRHO,0,focal,yes,4/10/24,,,,,2,5/12/2024,2 OF 2 X,NA,NA,,PARTIAL COLLECTION,05/27/24,X,X,NA,
52,10,1,0,2,ACAM,BRHO,3,focal,yes,4/10/24,,,,,1,5/16/2024,X,4,,1,1 focal veg & not collected,5/31/2024,X,X,X,
53,20,1,0,2,ACAM,BRHO,6,focal,yes,4/10/24,,,,,2,5/16/2024,2 OF 2 X,4,,,PARTIAL COLLECTION,5/27/24,X,X,X,
54,11,1,0,2,ACAM,BRHO,12,focal,yes,4/10/24,,,,,2,5/10/2024,X,8,0,,,,,X,X,
55,2,1,0,2,ACAM,BRHO,18,focal,yes,4/10/24,,,,,2,5/12/2024,X,13,0,,,,,X,X,
56,30,1,0,2,ACAM,BRHO,24,focal,no,4/10/24,buds,4/15/24,yes,,2,05/17/24,x,17,,0,,,,X,X,
57,28,1,0,2,ACAM,BRHO,36,focal,no,4/10/24,no,4/15/24,no,,1,5/31/2024,X,28,,1,1 focal veg & not collected,,,,X,
58,4,1,0,2,ACAM,BRHO,48,focal,yes,4/10/24,,,,,2,5/11/2024,X,34,0,,,,,X,X,
59,28,1,0,2,ACAM,BRHO,60,focal,yes,4/10/24,,,,,2,5/13/2024,X,50,0,,,,,X,X,
60,19,1,0,2,ACAM,BRHO,84,focal,yes,4/10/24,,,,,2,5/11/2024,X,65,0,,,,,X,X,
61,9,0.6,0,3,ACAM,BRHO,0,focal,no,4/10/24,no,4/15/24,buds,,1,5/31/2024,X,0,,1,1 focal veg & not collected,,,X,,
62,27,0.6,0,3,ACAM,BRHO,3,focal,no,4/10/24,no,4/15/24,buds,,1,5/30/2024,X,2,,1,1 focal veg & not collected,,,X,X,
63,9,0.6,0,3,ACAM,BRHO,6,focal,yes,4/10/24,,,,,2,5/12/2024,x,3,0,,,,,X,X,
64,30,0.6,0,3,ACAM,BRHO,12,focal,no,4/10/24,no,4/15/24,buds,,2,05/24/24,X,11,,1,,,,X,X,
65,20,0.6,0,3,ACAM,BRHO,18,focal,buds,4/10/24,yes,4/15/24,,,2,05/17/24,x,12,,0,,,,X,X,
66,12,0.6,0,3,ACAM,BRHO,24,focal,yes,4/10/24,,,,,2,5/11/2024,X,20,0,1,ALLO,,,X,X,
67,30,0.6,0,3,ACAM,BRHO,36,focal,no,4/10/24,buds,4/15/24,yes,,2,05/17/24,x,32,,0,,,,X,X,
68,21,0.6,0,3,ACAM,BRHO,48,focal,yes,4/10/24,,,,,2,5/13/2024,X,34,,1,,,,X,X,
69,1,0.6,0,3,ACAM,BRHO,60,focal,no,4/10/24,no,4/15/24,buds,,2,5/31/2024,X,45,,0,,,,X,X,
70,22,0.6,0,3,ACAM,BRHO,84,focal,yes,4/10/24,,,,,2,5/16/2024,X,62,,,,,,X,X,
71,10,0.75,0,3,ACAM,BRHO,0,focal,yes,4/10/24,,,,,2,5/11/2024,X,NA,NA,,,,,X,NA,
72,11,0.75,0,3,ACAM,BRHO,3,focal,yes,4/10/24,,,,,2,5/11/2024,X,3,0,,ALLO,,,X,X,
73,21,0.75,0,3,ACAM,BRHO,6,focal,yes,4/10/24,,,,,2,5/13/24,X,6,0,,,,,X,X,
74,29,0.75,0,3,ACAM,BRHO,12,focal,no,4/10/24,buds,4/15/24,yes,,2,5/20/2024,2 OF 2 X,9,,,PARTIAL COLLECTION,5/29/24,X,X,X,
75,1,0.75,0,3,ACAM,BRHO,18,focal,yes,4/10/24,,,,,2,5/12/2024,2 OF 2 X,14,,1,ALLO; PARTIAL COLLECTION,5/20/24,X,X,,
76,27,0.75,0,3,ACAM,BRHO,24,focal,no,4/10/24,no,4/15/24,buds,,2,05/24/24,X,22,,2,,,,X,X,
77,27,0.75,0,3,ACAM,BRHO,36,focal,yes,4/10/24,,,,,3,5/12/2024,3 of 3 X,28,,,PARTIAL COLLECTION,5/30/2024,X,X,X,
78,12,0.75,0,3,ACAM,BRHO,48,focal,yes,4/10/24,,,,,3,5/11/2024,X,30,0,,,,,X,X,
79,29,0.75,0,3,ACAM,BRHO,60,focal,no,4/10/24,buds,4/15/24,buds,,1,05/24/24,X,51,,1,1 focal veg & not collected,5/31/2024,X,X,X,
80,42,0.75,0,3,ACAM,BRHO,84,focal,yes,4/10/24,,,,,2,05/03/24,x,62,3,,"this initially had 3 indiv in dead bg column, moved these over to total.bg indiv column; 3+59=62",,,X,X,
81,9,1,0,3,ACAM,BRHO,0,focal,yes,4/10/24,,,,,2,5/12/2024,X,NA,NA,,ALLO,,,X,NA,this was not recorded on 5/12. 
82,21,1,0,3,ACAM,BRHO,3,focal,yes,4/10/24,,,,,2,5/16/2024,X,3,,,,,,X,X,
83,30,1,0,3,ACAM,BRHO,6,focal,no,4/10/24,no,4/15/24,no,,2,5/29/2024,X,6,,,,,,X,X,
84,22,1,0,3,ACAM,BRHO,12,focal,buds,4/10/24,yes,4/15/24,,,2,05/17/24,x,8,,0,,,,X,X,
85,19,1,0,3,ACAM,BRHO,18,focal,yes,4/10/24,,,,,2,5/11/2024,X,16,0,,ALLO,,,X,X,
86,3,1,0,3,ACAM,BRHO,24,focal,yes,4/10/24,,,,,2,5/11/2024,X,15,0,,,,,X,X,
87,3,1,0,3,ACAM,BRHO,36,focal,yes,4/10/24,,,,,2,5/12/2024,X,23,0,0,,,,X,X,
88,21,1,0,3,ACAM,BRHO,48,focal,no,4/10/24,no,4/15/24,yes,,2,5/20/2024,X,40,,1,,,,X,X,
89,28,1,0,3,ACAM,BRHO,60,focal,buds,4/10/24,buds,4/15/24,yes,,2,5/16/2024,X,49,,,,,,X,X,
90,12,1,0,3,ACAM,BRHO,84,focal,yes,4/10/24,,,,,2,5/12/2024,X,56,0,0,,,,X,X,
91,22,0.6,0,4,ACAM,BRHO,0,focal,no,4/10/24,yes,4/15/24,,,2,5/16/2024,2 OF 2 X,0,,0,PARTIAL COLLECTION,05/31/24,X,X,X,
92,4,0.6,0,4,ACAM,BRHO,3,focal,yes,4/10/24,,,,,2,05/03/24,x,3,0,,,,,X,X,
93,10,0.6,0,4,ACAM,BRHO,6,focal,yes,4/10/24,,,,,2,5/11/2014,X,4,0,,,,,X,X,
94,9,0.6,0,4,ACAM,BRHO,12,focal,yes,4/10/24,,,,,2,5/12/2024,X,13,0,1,,,,X,X,
95,2,0.6,0,4,ACAM,BRHO,18,focal,no,4/10/24,yes,4/15/24,,,2,5/20/2024,X,18,,,,,,X,X,
96,2,0.6,0,4,ACAM,BRHO,24,focal,yes,4/10/24,,,,,2,5/12/2024,X,23,0,1,,,,X,X,
97,29,0.6,0,4,ACAM,BRHO,36,focal,yes,4/10/24,,,,,2,5/13/2024,1 of 2 X,25,,,PARTIAL COLLECTION,5/27/2024,X,,X,
98,1,0.6,0,4,ACAM,BRHO,48,focal,yes,4/10/24,,,,,2,5/11/2024,2 of 2 X,30,,2,"PARTIAL COLLECTION; 2 other BRHO grew in background (likely resprouted); not included in focal count or envelope, but should be used for models",5/17/2024,X,X,X,
99,28,0.6,0,4,ACAM,BRHO,60,focal,no,4/10/24,yes,4/15/24,,,2,5/16/2024,X,43,,,,,,X,X,
100,9,0.6,0,4,ACAM,BRHO,84,focal,yes,4/10/24,,,,,3,05/06/2024,X,56,2,,there was a small third BRHO indiv; initially had 2 indiv indead bg column; moved these to total bg column; 54+2 = 56,,,X,X,
101,9,0.75,0,4,ACAM,BRHO,0,focal,yes,4/10/24,,,,,2,5/13/2024,X,NA,,,,,,X,,
102,10,0.75,0,4,ACAM,BRHO,3,focal,yes,4/10/24,,,,,3,5/11/2024,X,3,0,,ALLO,,,X,X,
103,27,0.75,0,4,ACAM,BRHO,6,focal,buds,4/10/24,yes,4/15/24,,,2,5/16/2024,1 OF 1 X,5,,,PARTIAL COLLECTION,,,,X,NEEDS BG INDIV # & FINISHED PARTIAL COLLECTION
104,27,0.75,0,4,ACAM,BRHO,12,focal,yes,4/10/24,,,,,1,5/31/2024,X,6,,1,1 focal veg & not collected,,,X,X,
105,20,0.75,0,4,ACAM,BRHO,18,focal,buds,4/10/24,yes,4/15/24,,,2,5/20/2024,X,15,,0,PARTIAL COLLECTION,05/31/24,X,X,X,
106,1,0.75,0,4,ACAM,BRHO,24,focal,yes,4/10/24,,,,yes - yellowing,3,5/12/2024,X,22,0, ,,,,X,X,
107,22,0.75,0,4,ACAM,BRHO,36,focal,no,4/10/24,buds,4/15/24,yes,,2,05/17/24,x,33,,0,,,,X,X,
108,1,0.75,0,4,ACAM,BRHO,48,focal,buds,4/10/24,yes,4/15/24,,,2,5/16/2024,X,38,,,,,,X,X,
109,20,0.75,0,4,ACAM,BRHO,60,focal,buds,4/10/24,yes,4/15/24,,,2,05/17/24,x,49,,0,,,,X,X,
110,22,0.75,0,4,ACAM,BRHO,84,focal,yes,4/10/24,,,,,2,5/16/2024,2 OF 2 X,54,,1,"PARTIAL COLLECTION; 3 focals grew, only 2 matured enough so 2 collected one counted as resprout",5/30/2024,X,X,X,
111,12,1,0,4,ACAM,BRHO,0,focal,buds,4/10/24,yes,4/15/24,,,2,5/16/2024,X,NA,,2,,,,X,,
112,11,1,0,4,ACAM,BRHO,3,focal,yes,4/10/24,,,,,2,5/9/2024,X,3,0,,ALLO,,,X,X,
113,29,1,0,4,ACAM,BRHO,6,focal,no,4/10/24,no,4/15/24,no,,1,05/31/2024,X,6,,2,phyto veg,,,X,X,
114,2,1,0,4,ACAM,BRHO,12,focal,buds,4/10/24,yes,4/15/24,,,2,5/13/2024,X,12,,,,,,X,X,
115,2,1,0,4,ACAM,BRHO,18,focal,no,4/10/24,no,4/15/24,yes,,2,05/24/24,X,8,,0,,,,X,X,
116,42,1,0,4,ACAM,BRHO,24,focal,yes,4/10/24,,,,,2,5/11/2024,X,28,0,,,,,X,X,
117,4,1,0,4,ACAM,BRHO,36,focal,yes,4/10/24,,,,,2,5/3/2024,X,25,,,PARTIAL COLLECTION,5/13/2024,X,X,X,
118,28,1,0,4,ACAM,BRHO,48,focal,no,4/10/24,no,4/15/24,yes,,2,5/20/2024,2 OF 2 X,37,,1,PARTIAL COLLECTION,5/29/24,X,X,X,
119,21,1,0,4,ACAM,BRHO,60,focal,buds,4/10/24,yes,4/15/24,,,2,5/13/24,X,35,0,,,,,X,X,
120,12,1,0,4,ACAM,BRHO,84,focal,yes,4/10/24,,,,,2,5/10/2024,X,69,0,,,,,X,X,
121,2,0.6,0,5,ACAM,BRHO,0,focal,yes,4/10/24,,,,,2,5/11/2024,X,NA,NA,,,,ALLO,X,,
124,2,0.6,0,5,ACAM,BRHO,12,focal,yes,4/10/24,,,,,2,5/12/2024,X,8,0,,,,,X,X,
126,12,0.6,0,5,ACAM,BRHO,24,focal,yes,4/10/24,,,,,2,5/12/2024,X,18,0,1,,,,X,X,
128,30,0.6,0,5,ACAM,BRHO,48,focal,no,4/10/24,no,4/15/24,buds,,2,5/23/2024,X,39,,1,,,,X,X,
131,10,0.75,0,5,ACAM,BRHO,0,focal,yes,4/10/24,,,,,2,5/10/2024,X,NA,NA,,,,,X,,
134,11,0.75,0,5,ACAM,BRHO,12,focal,yes,4/10/24,,,,,2,5/10/2024,X,11,0,,,,,X,X,
136,11,0.75,0,5,ACAM,BRHO,24,focal,yes,4/10/24,,,,,3,5/9/2024,X,16,,,,,,X,X,
138,20,0.75,0,5,ACAM,BRHO,48,focal,yes,4/10/24,,,,,2,5/15/2024,X,31,,,,,,X,X,
141,30,1,0,5,ACAM,BRHO,0,focal,no,4/10/24,no,4/15/24,no,,2,5/27/2024,X,0,,,,,,X,,
144,20,1,0,5,ACAM,BRHO,12,focal,buds,4/10/24,yes,4/15/24,,,2,05/17/24,x,8,,,,,,X,X,
146,4,1,0,5,ACAM,BRHO,24,focal,yes,4/10/24,,,,,2,5/12/2024,X,18,0,1,,,,X,X,roots were not washed day of sampling; found on 5/21 & decided not to use since it is so long after sampling
148,11,1,0,5,ACAM,BRHO,48,focal,no,4/10/24,buds,4/15/24,yes,,2,5/12/2024,2 of 2 X,32,,1,PARTIAL COLLECTION,5/17/2024,X,X,X,
151,36,0.6,1,1,ACAM,BRHO,0,focal,no,4/10/24,buds,4/15/24,yes,,2,5/16/2024,2 OF 2 X,NA,,,PARTIAL COLLECTION; ALLO,5/30/2024,X,X,,
152,15,0.6,1,1,ACAM,BRHO,3,focal,yes,4/10/24,,,,,2,5/11/2024,X,3,0,,ALLO,,,X,X,
153,38,0.6,1,1,ACAM,BRHO,6,focal,no,4/10/24,yes,4/15/24,,,2,05/11/24,X,3,0,,"CORRECTED; SAMPLE 253 WAS FILLED IN IN THE WRONG PLACE, BUT FIXED NOW. THIS SAYS IT WAS COLLECTED 5/10 BUT CW COLLECTED 5/11, STICKER WAS LEFT. ANOTHER SAMPLE IS PROBABLY WRITTEN IN THE WRONG ROW...",,,,,
154,24,0.6,1,1,ACAM,BRHO,12,focal,yes,4/10/24,,,,,2,5/16/2024,2 OF 2 X,5,,,PARTIAL COLLECTION,5/23/2024,X,X,X,
155,35,0.6,1,1,ACAM,BRHO,18,focal,yes,4/10/24,,,,,2,5/13/2024,X,14,,,,,,X,X,
156,8,0.6,1,1,ACAM,BRHO,24,focal,yes,4/10/24,,,,,2,5/16/2024,X,18,,,,,,X,X,
157,26,0.6,1,1,ACAM,BRHO,36,focal,no,4/10/24,no,4/15/24,yes,,1,5/23/2024,X,26,,1,1 focal veg & not collected,5/31/2024,X,X,X,
158,24,0.6,1,1,ACAM,BRHO,48,focal,yes,4/10/24,,,,,2,05/10/24,X,29,0,,,,,X,X,
159,23,0.6,1,1,ACAM,BRHO,60,focal,buds,4/10/24,yes,4/15/24,,,2,5/17/2024,2 OF 2 X,28,,,PARTIAL COLLECTION,05/31/24,X,X,X,
160,17,0.6,1,1,ACAM,BRHO,84,focal,no,4/10/24,no,4/15/24,buds,,2,05/27/24,x,39,,,,,,X,X,
161,32,0.75,1,1,ACAM,BRHO,0,focal,no,4/10/24,yes,4/15/24,,,2,5/17/2024,2 OF 2 X,0,,,PARTIAL COLLECTION,05/27/24,X,X,NA,
162,6,0.75,1,1,ACAM,BRHO,3,focal,yes,4/10/24,,,,,2,5/11/2024,X,2,0,1,,,,X,X,
163,13,0.75,1,1,ACAM,BRHO,6,focal,yes,4/10/24,,,,,2,5/12/2024,X,2,0,2,,,,X,X,
164,8,0.75,1,1,ACAM,BRHO,12,focal,buds,4/10/24,yes,4/15/24,,,2,5/16/2024,X,7,,,,,,X,X,
165,16,0.75,1,1,ACAM,BRHO,18,focal,buds,4/10/24,yes,4/15/24,,,2,5/15/2024,X,9,,1,,,,X,X,
166,38,0.75,1,1,ACAM,BRHO,24,focal,no,4/10/24,buds,4/15/24,yes,,2,5/23/2024,X,18,,,,,,X,X,
167,8,0.75,1,1,ACAM,BRHO,36,focal,no,4/10/24,no,4/15/24,yes,,2,5/20/2024,X,27,,2,,,,X,X,
168,41,0.75,1,1,ACAM,BRHO,48,focal,yes,4/10/24,,,,,2,5/12/2024,X,30,0,,,,,X,X,
169,40,0.75,1,1,ACAM,BRHO,60,focal,yes,4/10/24,,,,,2,5/16/2024,X,21,,,,,,X,X,
170,17,0.75,1,1,ACAM,BRHO,84,focal,no,4/10/24,no,4/15/24,no,,1,5/31/2024,X,23,,1,1 focal veg & not collected,,,X,X,
171,32,1,1,1,ACAM,BRHO,0,focal,no,4/10/24,buds,4/15/24,yes,,1,5/17/2024,X,NA,,1,1 focal veg & not collected,5/31/2024,,X,,
172,26,1,1,1,ACAM,BRHO,3,focal,no,4/10/24,no,4/15/24,no,,0,5/31/2024,X,3,,,Too green,,,,X,
173,17,1,1,1,ACAM,BRHO,6,focal,no,4/10/24,buds,4/15/24,yes,,2,5/20/24,X,6,,,,,,X,X,
174,39,1,1,1,ACAM,BRHO,12,focal,yes,4/10/24,,,,,2,5/11/2024,X,9,0,1,ALLO,,,X,X,
175,25,1,1,1,ACAM,BRHO,18,focal,no,4/10/24,buds,4/15/24,yes,,1,5/16/2024,X,9,,1,"PARTIAL COLLECTION; 1 focal veg, not collected",5/31/2024,X,X,X,
176,24,1,1,1,ACAM,BRHO,24,focal,yes,4/10/24,,,,,2,5/10/2024,X,11,0,,,,,X,X,
177,17,1,1,1,ACAM,BRHO,36,focal,yes,4/10/24,,,,,2,5/12/2024,2 of 2 X,13,,,PARTIAL COLLECTION,5/29/24,X,X,X,
178,24,1,1,1,ACAM,BRHO,48,focal,yes,4/10/24,,,,,2,5/10/2024,X,42,0,,,,,X,X,
179,16,1,1,1,ACAM,BRHO,60,focal,buds,4/10/24,yes,4/15/24,,,2,5/13/2024,X,33,,,,,,X,X,
180,31,1,1,1,ACAM,BRHO,84,focal,yes,4/10/24,,,,,2,5/11/2024,2 OF 2 X,32,0,,"ALLO, missing 1 seed (dropped it); PARTIAL COLLECTION",5/20/24,X,X,X,
181,5,0.6,1,2,ACAM,BRHO,0,focal,yes,4/10/24,,,,,2,5/10/2024,X,NA,NA,,,,,X,,
182,25,0.6,1,2,ACAM,BRHO,3,focal,no,4/10/24,yes,4/15/24,,,1,5/31/2024,X,2,,1,PARTIAL COLLECTION; 1 seedhead collected 5/12/2024; 1 focal veg & not collected,5/31/2024,X,X,X,
183,32,0.6,1,2,ACAM,BRHO,6,focal,yes,4/10/24,,,,,2,5/11/2024,X,6,0,,,,,X,X,
184,35,0.6,1,2,ACAM,BRHO,12,focal,no,4/10/24,buds,4/15/24,yes,,2,5/20/2024,X,6,,,,,,X,X,
185,6,0.6,1,2,ACAM,BRHO,18,focal,yes,4/10/24,,,,yes - yellowing,2,05/03/24,x,12,0,,,,,X,X,
186,7,0.6,1,2,ACAM,BRHO,24,focal,yes,4/10/24,,,,,2,5/11/2024,X,18,0,,,,,X,X,
187,25,0.6,1,2,ACAM,BRHO,36,focal,yes,4/10/24,,,,,2,05/03/2024,X,16,0,,,,,X,X,
188,26,0.6,1,2,ACAM,BRHO,48,focal,yes,4/10/24,,,,,2,5/12/2024,2 OF 2 X,21,,1,ALLO; PARTIAL COLLECTION,5/20/2024,X,X,X,
189,16,0.6,1,2,ACAM,BRHO,60,focal,yes,4/10/24,,,,,2,05/13/24,x,26,0,,,,,X,X,
190,25,0.6,1,2,ACAM,BRHO,84,focal,no,4/10/24,buds,4/15/24,yes,,2,5/16/2024,2 OF 2 X,36,,0,PARTIAL COLLECTION,05/31/24,X,X,X,
191,17,0.75,1,2,ACAM,BRHO,0,focal,yes,4/10/24,,,,,2,5/12/2024,X,NA,NA,,ALLO,,,X,,
192,24,0.75,1,2,ACAM,BRHO,3,focal,yes,4/10/24,,,,,2,5/9/2024,X,1,0,,,,,X,X,
193,33,0.75,1,2,ACAM,BRHO,6,focal,no,4/10/24,no,4/15/24,yes,,2,05/24/24,X,5,,0,,,,X,X,
194,38,0.75,1,2,ACAM,BRHO,12,focal,yes,4/10/24,,,,,2,5/11/2024,X,7,0,,ALLO,,,X,X,
195,37,0.75,1,2,ACAM,BRHO,18,focal,yes,4/10/24,,,,,2,5/16/2024,X,14,,2,,,,X,X,
196,31,0.75,1,2,ACAM,BRHO,24,focal,yes,4/10/24,,,,,2,5/12/2024,2 of 2 X,19,,1,PARTIAL COLLECTION,5/17/2024,X,X,X,
197,14,0.75,1,2,ACAM,BRHO,36,focal,yes,4/10/24,,,,,2,5/12/24,X,22,0,,,,,X,X,
198,25,0.75,1,2,ACAM,BRHO,48,focal,yes,4/10/24,,,,,2,5/12/2024,2 OF 2 X,24,,,PARTIAL COLLECTION,5/31/2024,X,X,X,
199,35,0.75,1,2,ACAM,BRHO,60,focal,yes,4/10/24,,,,,2,5/12/2024,2 of 2 X,31,,1,"PARTIAL COLLECTION; accidentally collected part of 1 indiv on 5/12. Don't add to bg count, there is enough of the indiv left in pot to count there!",5/23/2024,,X,X,NO BG DATE; ADD TO ENVELOPE ONCE DETERMINED
200,31,0.75,1,2,ACAM,BRHO,84,focal,yes,4/10/24,,,,,2,5/16/2024,X,51,,,,,,X,X,
201,16,1,1,2,ACAM,BRHO,0,focal,buds,4/10/24,yes,4/15/24,,,2,5/16/2024,X,NA,,,ALLO,,,X,,
202,6,1,1,2,ACAM,BRHO,3,focal,buds,4/10/24,yes,4/15/24,,,2,5/16/2024,X,3,,,,,,X,X,
203,5,1,1,2,ACAM,BRHO,6,focal,yes,4/10/24,,,,,2,05/03/24,x,4,0,,,,,X,X,
204,26,1,1,2,ACAM,BRHO,12,focal,no,4/10/24,no,4/15/24,no,,1,5/31/2024,X,11,,,"only 1 brho present, very green",,,X,X,
205,13,1,1,2,ACAM,BRHO,18,focal,no,4/10/24,no,4/15/24,no,,1,05/31/24,X,12,,1,1 phyto veg not collected,,,X,X,
206,13,1,1,2,ACAM,BRHO,24,focal,no,4/10/24,no,4/15/24,buds,,2,05/24/24,X,14,,0,,,,X,X,
207,15,1,1,2,ACAM,BRHO,36,focal,buds,4/10/24,yes,4/15/24,,,2,05/17/24,x,16,,1,,,,X,X,
208,33,1,1,2,ACAM,BRHO,48,focal,yes,4/10/24,,,,,2,5/11/2024,X,22,0,,ALLO,,,X,X,
209,15,1,1,2,ACAM,BRHO,60,focal,buds,4/10/24,buds,4/15/24,yes,,2,5/20/2024,2 OF 2 X,35,,,PARTIAL COLLECTION,5/31/2024,X,X,X,
210,36,1,1,2,ACAM,BRHO,84,focal,yes,4/10/24,,,,,2,5/11/2024,X,35,0,,,,,X,X,
211,23,0.6,1,3,ACAM,BRHO,0,focal,yes,4/10/24,,,,,2,5/16/2024,X,NA,,,,,,X,,
212,23,0.6,1,3,ACAM,BRHO,3,focal,yes,4/10/24,,,,,2,5/12/2024,X,3,0,,,,,X,X,
213,18,0.6,1,3,ACAM,BRHO,6,focal,no,4/10/24,no,4/15/24,no,,1,5/30/2024,X,4,,1,,,,X,X,
214,14,0.6,1,3,ACAM,BRHO,12,focal,no,4/10/24,no,4/15/24,yes,,1,5/17/2024,X,11,,1,1 focal veg & not collected,5/31/2024,X,X,X,
215,14,0.6,1,3,ACAM,BRHO,18,focal,no,4/10/24,no,4/15/24,no,,1,5/31/2024,X,17,,1,1 focal veg & not collected,,,X,X,
216,26,0.6,1,3,ACAM,BRHO,24,focal,no,4/10/24,no,4/15/24,buds,,2,5/27/2024,X,9,,,,,,X,X,
217,5,0.6,1,3,ACAM,BRHO,36,focal,yes,4/10/24,,,,yes - yellowing,2,05/03/24,x,20,6,,"this initially had 6 indiv in dead bg column, moved these over to total.bg indiv column; 14+6 = 20 total",,,X,X,
218,31,0.6,1,3,ACAM,BRHO,48,focal,yes,4/10/24,,,,,2,5/13/2024,X,17,,,,,,X,X,
219,26,0.6,1,3,ACAM,BRHO,60,focal,no,4/10/24,no,4/15/24,no,,1,5/31/2024,X,37,,1,1 focal veg & not collected,,,X,X,
220,39,0.6,1,3,ACAM,BRHO,84,focal,no,4/10/24,buds,4/15/24,no,,2,5/20/2024,2 OF 2 X,40,,0,PARTIAL COLLECTION,05/31/24,05/31/2024,X,X,
221,39,0.75,1,3,ACAM,BRHO,0,focal,no,4/10/24,buds,4/15/24,yes,,2,5/16/2024,X,NA,,,,,,X,,
222,35,0.75,1,3,ACAM,BRHO,3,focal,no,4/10/24,no,4/15/24,no,,1,5/31/2024,X,2,,1,1 focal veg & not collected,,,X,X,
223,36,0.75,1,3,ACAM,BRHO,6,focal,yes,4/10/24,,,,,2,5/11/2024,2 OF 2 X,7,,1,PARTIAL COLLECTION,5/17/2024,X,X,X,
224,38,0.75,1,3,ACAM,BRHO,12,focal,yes,4/10/24,,,,,2,5/9/2024,X,11,0,,,,,X,X,
225,8,0.75,1,3,ACAM,BRHO,18,focal,no,4/10/24,yes,4/15/24,,,2,5/16/2024,X,9,,1,,,,X,X,
226,14,0.75,1,3,ACAM,BRHO,24,focal,yes,4/10/24,,,,,2,5/13/2024,X,14,,0,PARTIAL COLLECTION,05/31/24,X,X,X,
227,25,0.75,1,3,ACAM,BRHO,36,focal,buds,4/10/24,yes,4/15/24,,,2,5/12/2024,X,29,0,1,,,,X,X,
228,18,0.75,1,3,ACAM,BRHO,48,focal,yes,4/10/24,,,,,2,5/31/2024,X,30,,,focal in separate bags just in case,05/31/24,,X,X,
229,40,0.75,1,3,ACAM,BRHO,60,focal,buds,4/10/24,yes,4/15/24,,,2,5/16/2024,X,39,,,,,,X,X,
230,38,0.75,1,3,ACAM,BRHO,84,focal,yes,4/10/24,,,,,3,5/12/2024,3 OF 3 X,29,0,1,PARTIAL COLLECTION,5/30/2024,X,X,X,
231,32,1,1,3,ACAM,BRHO,0,focal,no,4/10/24,yes,4/15/24,,,1,5/20/2024,X,NA,,1,1 phyto veg & not collected,,X,X,,
232,17,1,1,3,ACAM,BRHO,3,focal,no,4/10/24,no,4/15/24,buds,,1,5/23/2024,X,2,,1,"collected only 1 of 2 individuals, include other in background count, but only 1 in envelope.",,,X,X,
233,39,1,1,3,ACAM,BRHO,6,focal,no,4/10/24,no,4/15/24,no,,1,05/31/24,X,4,,1,1 phyto veg not collected,,,X,X,
234,18,1,1,3,ACAM,BRHO,12,focal,buds,4/10/24,yes,4/15/24,,,2,5/13/2024,X,11,,1,,,,X,X,
235,41,1,1,3,ACAM,BRHO,18,focal,buds,4/10/24,yes,4/15/24,,,2,5/16/2024,2 OF 2 X,9,,,PARTIAL COLLECTION,5/29/24,X,X,X,
236,38,1,1,3,ACAM,BRHO,24,focal,buds,4/10/24,yes,4/15/24,,,2,5/16/2024,X,7,,,,,,X,X,
237,36,1,1,3,ACAM,BRHO,36,focal,yes,4/10/24,,,,,2,5/11/2024,1 OF 2 X,29,,,PARTIAL COLLECTION,5/27/2024,X,X,X,
238,32,1,1,3,ACAM,BRHO,48,focal,yes,4/10/24,,,,,2,5/12/2024,X,29,0,1,,,,X,X,
239,32,1,1,3,ACAM,BRHO,60,focal,yes,4/10/24,,,,,2,5/12/2024,x,32,0,,ALLO,,,X,X,
240,5,1,1,3,ACAM,BRHO,84,focal,yes,4/10/24,,,,,2,5/9/2024,X,57,0,,,,,X,X,
241,14,0.6,1,4,ACAM,BRHO,0,focal,yes,4/10/24,,,,,2,5/12/2024,2 of 2 X,0,,,PARTIAL COLLECTION,5/23/2024,X,X,NA,
242,18,0.6,1,4,ACAM,BRHO,3,focal,no,4/10/24,no,4/15/24,no,,1,05/31/24,X,4,,1,1 phyto veg not collected,,,X,X,
243,32,0.6,1,4,ACAM,BRHO,6,focal,no,4/10/24,yes,4/15/24,,,2,5/20/2024,X,4,,,,,,X,X,
244,37,0.6,1,4,ACAM,BRHO,12,focal,yes,4/10/24,,,,,2,5/12/2024,X,6,0,,,,,X,X,
245,39,0.6,1,4,ACAM,BRHO,18,focal,yes,4/10/24,,,,,2,5/12/2024,X,12,0,,,,,X,X,
246,23,0.6,1,4,ACAM,BRHO,24,focal,no,4/10/24,no,4/15/24,yes,,1,5/20/2024,X,15,,2,1 focal veg & not collected,,,X,X,
247,15,0.6,1,4,ACAM,BRHO,36,focal,yes,4/10/24,,,,,2,05/13/24,x,14,0,,,,,X,X,
248,33,0.6,1,4,ACAM,BRHO,48,focal,yes,4/10/24,,,,,2,5/11/2024,X,13,0,,,,,X,X,
249,39,0.6,1,4,ACAM,BRHO,60,focal,no,4/10/24,buds,4/15/24,yes,,2,5/20/2024,X,11,,,,,,X,X,
250,26,0.6,1,4,ACAM,BRHO,84,focal,no,4/10/24,no,4/15/24,yes,,1,5/17/2024,1 OF 1 X,45,,1,"PARTIAL COLLECTION; only collected 1 focal, other still vegetative; only one in envelope",,X,X,X,
251,24,0.75,1,4,ACAM,BRHO,0,focal,yes,4/10/24,,,,,2,5/9/2024,X,NA,,,,,,X,,
252,16,0.75,1,4,ACAM,BRHO,3,focal,yes,4/10/24,,,,,2,05/06/24,x,3,0,,,,,X,X,
253,5,0.75,1,4,ACAM,BRHO,6,focal,yes,4/10/24,,,,,2,5/10/2024,X,3,,,filled this row in based on envelope #'s; should be all good now,,,X,X,
254,41,0.75,1,4,ACAM,BRHO,12,focal,yes,4/10/24,,,,,2,5/12/2024,X,7,0,,,,,X,X,
255,14,0.75,1,4,ACAM,BRHO,18,focal,no,4/10/24,yes,4/15/24,,,2,5/20/24,X,8,,,,,,X,X,
256,25,0.75,1,4,ACAM,BRHO,24,focal,yes,4/10/24,,,,,2,5/10/2024,2 of 2 X,10,0,,PARTIAL COLLECTION,5/31/2024,,X,X,
257,38,0.75,1,4,ACAM,BRHO,36,focal,yes,4/10/24,,,,,2,5/11/2024,X,25,0,1,ALLO,,,X,X,
258,31,0.75,1,4,ACAM,BRHO,48,focal,yes,4/10/24,,,,,2,5/11/2024,X,18,0,,ALLO,,,X,X,
259,13,0.75,1,4,ACAM,BRHO,60,focal,no,4/10/24,no,4/15/24,no,,1,5/31/2024,X,24,,1,1 focal veg & not collected,,,X,X,
260,41,0.75,1,4,ACAM,BRHO,84,focal,yes,4/10/24,,,,,2,5/11/2024,x,12,0,,,,,X,X,
261,7,1,1,4,ACAM,BRHO,0,focal,yes,4/10/24,,,,,2,05/17/24,x,0,,0,,,,X,,
262,8,1,1,4,ACAM,BRHO,3,focal,no,4/10/24,no,4/15/24,yes,,2,5/16/2024,X,4,,,,,,X,X,
263,41,1,1,4,ACAM,BRHO,6,focal,buds,4/10/24,yes,4/15/24,,,2,5/20/2024,X,2,,0,PARTIAL COLLECTION,05/31/24,X,X,X,
264,35,1,1,4,ACAM,BRHO,12,focal,yes,4/10/24,,,,,2,5/12/2024,2 OF 2 X,6,,,PARTIAL COLLECTION,5/31/2024,X,X,X,
265,5,1,1,4,ACAM,BRHO,18,focal,yes,4/10/24,,,,,2,05/10/24,x,12,0,,,,,X,X,
266,8,1,1,4,ACAM,BRHO,24,focal,yes,4/10/24,,,,,2,5/12/2024,X,15,0,1,,,,X,X,
267,23,1,1,4,ACAM,BRHO,36,focal,yes,4/10/24,,,,,2,5/9/2024,X,25,0,,,,,X,X,
268,7,1,1,4,ACAM,BRHO,48,focal,no,4/10/24,no,4/15/24,no,,1,05/31/24,X,29,,1,1 phyto veg not collected,05/31/24,,X,X,
269,18,1,1,4,ACAM,BRHO,60,focal,yes,4/10/24,,,,,2,5/12/2024,X,41,,,PARTIAL COLLECTION,5/31/2024,X,X,X,
270,6,1,1,4,ACAM,BRHO,84,focal,yes,4/10/24,,,,,2,5/9/2024,X,45,0,,,,,X,X,NEED TO WRITE BG # ON ENVELOPE
271,40,0.6,1,5,ACAM,BRHO,0,focal,yes,4/10/24,,,,,2,5/16/2024,X,NA,,,,,,X,,
272,34,0.6,1,5,ACAM,BRHO,3,focal,yes,4/10/24,,,,,2,5/10/2024,X,2,0,,,,,X,X,
273,34,0.6,1,5,ACAM,BRHO,6,focal,yes,4/10/24,,,,,2,5/11/2024,X,2,0,,,,,X,X,
274,35,0.6,1,5,ACAM,BRHO,12,focal,yes,4/10/24,,,,,2,5/12/2024,X,6,0,2,,,,X,X,
276,31,0.6,1,5,ACAM,BRHO,24,focal,yes,4/10/24,,,,,2,5/12/2024,X,12,0,,,,,X,X,
278,16,0.6,1,5,ACAM,BRHO,48,focal,yes,4/10/24,,,,,2,5/16/2024,X,30,,,,,,X,X,
281,37,0.75,1,5,ACAM,BRHO,0,focal,yes,4/10/24,,,,,2,5/12/2024,X,NA,NA,1,,,,X,,
282,34,0.75,1,5,ACAM,BRHO,3,focal,yes,4/10/24,,,,,2,5/11/2024,X,2,0,,,,,X,X,
283,34,0.75,1,5,ACAM,BRHO,6,focal,yes,4/10/24,,,,,2,5/9/2024,X,4,0,,"this was not recorded on 5/9; guessing at bg indiv based on stems visible after clipping; check the sample while recording, looks like htey were clipped short enough to be able to count by the bases during weighing; CONFIRMED COUNT ON ENVELOPE; ALL GOOD NOW",,,X,X,
284,40,0.75,1,5,ACAM,BRHO,12,focal,no,4/10/24,buds,4/15/24,yes,,2,05/17/24,x,8,,0,,,,X,X,
286,15,0.75,1,5,ACAM,BRHO,24,focal,no,4/10/24,yes,4/15/24,,,2,5/16/2024,X,7,,,,,,X,X,
288,33,0.75,1,5,ACAM,BRHO,48,focal,yes,4/10/24,,,,,2,5/11/2024,X,29,0,,,,,X,X,
291,40,1,1,5,ACAM,BRHO,0,focal,no,4/10/24,buds,4/15/24,yes,,2,05/24/24,X,0,,0,,,,X,,
292,34,1,1,5,ACAM,BRHO,3,focal,no,4/10/24,buds,4/15/24,yes,,2,05/24/24,X,0,,0,,,,X,,
294,17,1,1,5,ACAM,BRHO,12,focal,no,4/10/24,no,4/15/24,no,,1,05/31/24,X,6,,1,"1 focal veg & not collected, some green heads on collected indiv",,,X,X,
296,18,1,1,5,ACAM,BRHO,24,focal,no,4/10/24,no,4/15/24,yes,,2,5/20/2024,2 OF 2 X,11,,1,PARTIAL COLLECTION,5/29/24,X,X,X,
298,18,1,1,5,ACAM,BRHO,48,focal,buds,4/10/24,yes,4/15/24,,,2,5/16/2024,2 OF 2 X,32,,1,PARTIAL COLLECTION,5/31/2024,X,X,X,
301,26,0.6,1,1,BRHO,ACAM,focal,0,NA,4/10/24,,,,,3,5/20/2024,X,NA,,,,,,X,NA,
302,7,0.6,1,1,BRHO,ACAM,focal,12,yes,4/10/24,,,,,3,05/03/24,x,11,0,,one different species of grass in pot (included in background),,,X,X,
303,7,0.6,1,1,BRHO,ACAM,focal,24,yes,4/10/24,,,,,3,5/1/2024,X,18,0,,,,,X,X,
304,6,0.6,1,1,BRHO,ACAM,focal,48,yes,4/10/24,,,,yes - yellowing,3,5/1/2024,X,59,0,,,,,X,X,
305,41,0.75,1,1,BRHO,ACAM,focal,0,NA,4/10/24,,,,,2,05/03/24,X,0,0,,,,,X,NA,
306,35,0.75,1,1,BRHO,ACAM,focal,12,yes,4/10/24,,,,,2,5/12/2024,X,11,0,,,,,X,X,
307,8,0.75,1,1,BRHO,ACAM,focal,24,yes,4/10/24,,,,,2,5/9/2024,X,22,0,,,,,X,X,
308,31,0.75,1,1,BRHO,ACAM,focal,48,yes,4/10/24,,,,,2,5/3/2024,X,52,0,,,,,X,X,
309,37,1,1,1,BRHO,ACAM,focal,0,NA,4/10/24,,,,,3,5/10/2024,x,NA,NA,,,,,X,NA,
310,36,1,1,1,BRHO,ACAM,focal,12,yes,4/10/24,,,,,3,05/13/24,x,9,0,,,,,X,X,
311,31,1,1,1,BRHO,ACAM,focal,24,yes,4/10/24,,,,,0,5/11/2024,X,22,0,,,,,focal sample not in bags,X,
312,33,1,1,1,BRHO,ACAM,focal,48,yes,4/10/24,,,,yes - yellowing,4,5/3/2024,X,62,0,,one ACAM focal was dead at collection,,,X,X,
313,37,0.6,1,2,BRHO,ACAM,focal,0,NA,4/10/24,,,,,3,5/12/2024,X,NA,NA,,,,,X,NA,
314,6,0.6,1,2,BRHO,ACAM,focal,12,yes,4/10/24,,,,"yes - yellowing, one nearly ready",1,5/1/2024,X,10,0,,,,,X,X,
315,13,0.6,1,2,BRHO,ACAM,focal,24,yes,4/10/24,,,,,2,4/30/2024,X,20,0,,,,,X,BG sample not in bags,
316,15,0.6,1,2,BRHO,ACAM,focal,48,yes,4/10/24,,,,yes - yellowing,3,4/30/2024,X,34,0,,,,,X,X,
317,35,0.75,1,2,BRHO,ACAM,focal,0,NA,4/10/24,,,,,2,5/12/2024,X,NA,NA,,,,,X,NA,
318,41,0.75,1,2,BRHO,ACAM,focal,12,yes,4/10/24,,,,,2,5/11/2024,X,11,0,,,,,X,X,
319,40,0.75,1,2,BRHO,ACAM,focal,24,no,4/10/24,yes,4/15/24,,,2,5/12,X,24,0,,,,,X,X,
320,37,0.75,1,2,BRHO,ACAM,focal,48,yes,4/10/24,,,,yes - yellowing,2,4/30/2024,X,62,0,,one focal died before collection; seems like this was potentially planted at the wrong density? double counted and definitely 62 bg indiv; 2 bg indiv separately bagged for allometry,,,X,X,
321,23,1,1,2,BRHO,ACAM,focal,0,NA,4/10/24,,,,,2,5/12/2024,X,NA,NA,,,,,X,NA,
322,7,1,1,2,BRHO,ACAM,focal,12,yes,4/10/24,,,,,3,05/03/24,x,6,0,,,,,X,X,
323,37,1,1,2,BRHO,ACAM,focal,24,yes,4/10/24,,,,,3,5/16/2024,X,16,,,,,,X,X,
324,5,1,1,2,BRHO,ACAM,focal,48,yes,4/10/24,,,,yes - yellowing,2,4/30/2024,X,57,0,,,,,X,X,
325,36,0.6,1,3,BRHO,ACAM,focal,0,NA,4/10/24,,,,,3,05/03/24,x,0,0,,,,,X,NA,
326,6,0.6,1,3,BRHO,ACAM,focal,12,yes,4/10/24,,,,yes - yellowing,3,5/1/2024,X,11,0,,,,,X,X,
327,15,0.6,1,3,BRHO,ACAM,focal,24,yes,4/10/24,,,,yes - yellowing,2,4/30/2024,X,17,0,,2 bg indiv separately bagged for allometry,,,X,X,
328,39,0.6,1,3,BRHO,ACAM,focal,48,yes,4/10/24,,,,,3,05/02/24,X,58,,,,,,X,X,
329,8,0.75,1,3,BRHO,ACAM,focal,0,NA,4/10/24,,,,,1,5/12/2024,x,NA,NA,,,,,X,NA,
330,24,0.75,1,3,BRHO,ACAM,focal,12,yes,4/10/24,,,,,2,5/9/2024,X,12,0,,1 bg indiv a weedy other grass,,,X,X,
331,15,0.75,1,3,BRHO,ACAM,focal,24,yes,4/10/24,,,,yes - yellowing,2,5/2/2024,X,21,0,,,,,X,X,
332,14,0.75,1,3,BRHO,ACAM,focal,48,yes,4/10/24,,,,,2,4/30/2024,X,61,0,,,,,X,BG sample not in bags,
333,16,1,1,3,BRHO,ACAM,focal,0,NA,4/10/24,,,,,1,5/12/2024,X,NA,NA,,,,,X,NA,
334,40,1,1,3,BRHO,ACAM,focal,12,yes,4/10/24,,,,,3,5/12/24,X,8,0,,,,,X,X,
335,39,1,1,3,BRHO,ACAM,focal,24,yes,4/10/24,,,,,3,5/3/2024,X,15,,,,,,X,X,
336,7,1,1,3,BRHO,ACAM,focal,48,yes,4/10/24,,,,yes - yellowing,3,5/1/2024,X,56,0,,,,,X,X,
337,33,0.6,1,4,BRHO,ACAM,focal,0,NA,4/10/24,,,,,3,5/12/2024,X,NA,NA,,,,,X,NA,
338,23,0.6,1,4,BRHO,ACAM,focal,12,no,4/10/24,no,4/15/24,no,,2,05/17/24,x,2,,0,2 BRHO bkg are were still young/vegetative when sampled ,,,X,X,
339,13,0.6,1,4,BRHO,ACAM,focal,24,yes,4/10/24,,,,,3,5/1/2024,X,23,0,,,,,X,X,
340,16,0.6,1,4,BRHO,ACAM,focal,48,yes,4/10/24,,,,yes - yellowing,1,4/30/2024,X,31,0,,"3 bg indiv separately bagged for allometry, make sure their weights are added to total weight at end. ",,,X,X,
341,38,0.75,1,4,BRHO,ACAM,focal,0,NA,4/10/24,,,,,2,5/1/2024,X,NA,NA,,has root nodules!,,,X,NA,
342,37,0.75,1,4,BRHO,ACAM,focal,12,no,4/10/24,yes,4/15/24,,,2,5/16/2024,X,11,,,2 additional non-BRHO grasses present,,,X,X,
343,17,0.75,1,4,BRHO,ACAM,focal,24,yes,4/10/24,,,,,2,5/12/2024,X,14,0,,,,,X,X,
344,33,0.75,1,4,BRHO,ACAM,focal,48,yes,4/10/24,,,,yes - yellowing,0,4/30/2024,NA,61,0,,no focal,,,focal sample not in bags,X,
345,33,1,1,4,BRHO,ACAM,focal,0,NA,4/10/24,,,,,3,5/12/2024,X,NA,NA,,,,,X,NA,
346,6,1,1,4,BRHO,ACAM,focal,12,yes,4/10/24,,,,,3,5/3/2024,X,11,,,,,,X,X,
347,18,1,1,4,BRHO,ACAM,focal,24,yes,4/10/24,,,,,1,5/10/2024,X,18,0,,,,,X,X,
348,32,1,1,4,BRHO,ACAM,focal,48,yes,4/10/24,,,,,2,05/03/24,x,58,0,,,,,X,X,
349,13,0.6,1,5,BRHO,ACAM,focal,0,NA,4/10/24,,,,,3,5/12/2024,X,NA,NA,,,,,X,NA,
350,25,0.6,1,5,BRHO,ACAM,focal,12,yes,4/10/24,,,,,3,5/10/2024,X,11,0,,,,,X,X,
351,13,0.6,1,5,BRHO,ACAM,focal,24,yes,4/10/24,,,,,3,05/03/24,X,23,,,,,,X,X,
352,36,0.6,1,5,BRHO,ACAM,focal,48,yes,4/10/24,,,,yes - yellowing,4,5/3/24,X,57,,,,,,X,X,
353,24,0.75,1,5,BRHO,ACAM,focal,0,NA,4/10/24,,,,,2,5/9/2024,X,NA,,,,,,X,NA,
354,41,0.75,1,5,BRHO,ACAM,focal,12,yes,4/10/24,,,,,3,5/11/2024,X,10,0,," 1 bg indiv not BRHO, other weedy grass, did not collect this indiv, only 10 bg indiv in dample",,,X,X,
355,40,0.75,1,5,BRHO,ACAM,focal,24,yes,4/10/24,,,,,2,5/11/2024,X,26,0,,,,,X,X,
356,5,0.75,1,5,BRHO,ACAM,focal,48,yes,4/10/24,,,,yes - yellowing,2,5/1/2024,X,57,0,,,,,X,X,
357,23,1,1,5,BRHO,ACAM,focal,0,NA,4/10/24,,,,,2,5/12/2024,X,NA,NA,,,,,X,NA,
358,36,1,1,5,BRHO,ACAM,focal,12,yes,4/10/24,,,,,3,05/10/24,x,12,0,,,,,X,X,
359,14,1,1,5,BRHO,ACAM,focal,24,yes,4/10/24,,,,,4,05/10/24,x,20,0,,,,,X,X,
360,7,1,1,5,BRHO,ACAM,focal,48,yes,4/10/24,,,,,2,5/2/2024,X,27,0,,,,,X,X,
361,34,0.75,1,6,ACAM,BRHO,12,focal,yes,4/10/24,,,,,1,5/11/2024,X,11,,1,PARTIAL COLLECTION,5/30/2024,X,X (sample is in BRHO focal #281-298 sample bag),X (sample is in ACAM background #281-298 sample bag),